Sl. No., Size, Duration, Bitrate, Width, Height, FPS,Total Time x1,Downscale Time x2,Upload Time x2,Upscale Time x2,Total Time x2,Speed Up x2,Downscale Time x4,Upload Time x4,Upscale Time x4,Total Time x4,Speed Up x4,QM x1,QM x2,QM x4,SSIM x1,SSIM x2,SSIM x4,PSNR x1,PSNR x2,PSNR x4
1,68.9, 1mn 10s, 8205Kbps,1280,720,30,218.985,7.621,51.772,64.977,124.37,1.760754201,8.126,25.872,61.865,95.863,2.284353713,68.252,64.156,62.299,100,90.193,80.151,100,33.698,30.112
2,41.6, 41s 967ms, 8323Kbps,1280,720,30,158.343,5.13,39.144,36.392,80.666,1.962945975,6.589,21.349,32.884,60.822,2.603383644,68.452,64.122,63.221,100,90.683,78.941,100,33.854,31.155
3,154, 2mn 35s, 8326Kbps,1280,720,30,493.911,17.352,123.591,146.285,287.228,1.719578175,21.995,59.193,122.952,204.14,2.419471931,69.748,65.994,62.747,100,91.849,80.428,100,33.285,30.859
4,238, 4mn 1s, 8271Kbps,1280,720,30,832.804,37.925,261.262,243.062,542.249,1.535833169,43.051,124.804,219.358,387.213,2.150764566,68.544,64.107,61.973,100,90.558,78.445,100,33.178,30.481
5,504, 8mn 25s, 8371Kbps,1280,720,30,1729.829,61.901,419.913,591.275,1073.089,1.612008883,69.1035,198.245,526.285,793.6335,2.179632034,67.014,63.148,61.926,100,91.193,80.825,100,34.018,30.715
6,49.4, 49s 400ms, 8394Kbps,1280,720,30,178.287,4.596,42.279,53.814,100.689,1.770670083,5.183,19.735,49.725,74.643,2.3885294,67.983,64.104,62.193,100,90.814,80.803,100,33.947,30.831
7,130, 2mn 10s, 8367Kbps,1280,720,30,341.843,9.152,78.489,122.874,210.515,1.623841531,11.283,36.723,111.934,159.94,2.137320245,68.228,65.14,63.102,100,90.194,81.921,100,33.606,30.194
8,359, 6mn 1s, 8335Kbps,1280,720,30,978.892,13.529,218.638,341.834,574.001,1.705383789,17.805,118.337,317.904,454.046,2.155931337,67.831,65.027,62.749,100,90.419,80.153,100,33.859,30.494
9,204, 3mn 24s, 8371Kbps,1280,720,30,664.197,11.893,146.744,204.571,363.208,1.828695954,14.822,76.843,191.913,283.578,2.342202145,68.206,64.802,63.174,100,91.407,80.047,100,34.185,30.514
10,32.6, 32s 700ms, 8359Kbps,1280,720,30,91.293,1.535,20.874,31.584,53.993,1.690830293,1.952,12.824,28.829,43.605,2.093636051,68.739,64.226,62.592,100,92.945,81.258,100,33.934,30.384
11,31.4, 31s 434ms, 8368Kbps,1280,720,30,90.523,1.519,22.483,31.892,55.894,1.619547715,1.893,11.824,27.934,41.651,2.173369187,68.386,63.829,62.441,100,91.042,80.524,100,33.249,30.421
12,139, 2mn 19s, 8362Kbps,1280,720,30,401.533,18.234,98.235,122.746,239.215,1.678544406,21.884,46.812,112.293,180.989,2.218549194,67.972,64.795,63.299,100,90.813,81.834,100,34.183,29.938
13,133, 2mn 13s, 8364Kbps,1280,720,30,398.675,17.467,94.296,124.763,236.526,1.685544084,22.578,42.744,111.785,177.107,2.251040332,68.359,63.938,61.245,100,91.076,80.579,100,33.078,30.148
14,42.6, 42s 800ms, 8355Kbps,1280,720,30,100.826,1.427,23.792,38.821,64.04,1.574422236,1.935,11.718,34.502,48.155,2.0937805,67.927,63.821,61.426,100,90.398,76.351,100,34.154,30.624
15,96, 1mn 35s, 8403Kbps,1280,720,30,198.381,1.683,45.252,84.792,131.727,1.506001048,2.185,21.857,76.971,101.013,1.963915536,68.135,64.137,62.936,100,90.798,80.461,100,33.725,30.493
16,185, 3mn 6s, 8357Kbps,1280,720,30,372.194,3.835,89.862,157.947,251.644,1.479049769,4.207,41.359,137.903,183.469,2.028647891,68.135,64.137,62.936,100,90.798,80.461,100,33.725,30.493
17,973, 16mn 17s, 8358Kbps,1280,720,30,1782.582,19.782,569.062,446.282,1035.126,1.722091803,21.916,289.027,417.925,728.868,2.445685639,67.892,63.902,62.782,100,91.052,75.831,100,33.814,30.149
18,49.4, 48s 934ms, 8470Kbps,1280,720,30,107.505,1.582,29.941,43.926,75.449,1.42486978,2.061,23.405,39.81,65.276,1.646929959,69.19,65.104,62.827,100,91.851,80.181,100,32.507,30.982
19,183, 3mn 2s, 8396Kbps,1280,720,30,381.894,6.191,89.35,168.81,264.351,1.444647457,7.722,51.295,156.916,215.933,1.768576364,68.104,65.942,63.481,100,92.185,80.74,100,33.617,30.581
20,36.7, 36s 434ms, 8452Kbps,1280,720,30,74.351,1.103,21.819,29.251,52.173,1.425085772,1.549,14.841,27.91,44.3,1.678352144,67.471,64.723,62.839,100,91.061,80.529,100,33.683,30.194
21,59.5, 59s 367ms, 8411Kbps,1280,720,30,128.419,1.692,41.235,47.738,90.665,1.416412066,1.823,27.84,41.394,71.057,1.807267405,68.087,65.385,63.104,100,90.118,81.035,100,33.185,30.109
22,117, 1mn 56s, 8384Kbps,1280,720,30,263.519,4.181,111.291,56.862,172.334,1.529117876,4.877,78.119,49.114,132.11,1.994693816,69.182,65.726,63.119,100,91.607,80.66,100,33.192,30.884
23,31.7, 31s 800ms, 8360Kbps,1280,720,30,81.921,1.483,30.184,28.633,60.3,1.358557214,1.824,17.141,25.851,44.816,1.827940914,69.155,64.746,63.95,100,90.803,80.112,100,33.916,30.294
24,46.8, 47s 0ms, 8351Kbps,1280,720,30,127.91,1.827,43.102,39.702,84.631,1.511384717,2.483,25.192,38.472,66.147,1.933723374,68.245,65.157,63.918,100,91.318,81.041,100,33.602,30.974
25,83.2, 1mn 23s, 8370Kbps,1280,720,30,264.815,8.344,73.554,89.722,171.62,1.543031115,8.671,30.042,74.445,113.158,2.340223404,67.917,64.564,63.02,100,91.37,80.122,100,32.187,30.959
26,144, 2mn 24s, 8396Kbps,1280,720,30,406.79,12.831,157.998,119.385,290.214,1.401689788,14.488,66.281,135.954,216.723,1.877004287,69.846,65.957,66.056,100,90.193,80.463,100,33.373,30.515
27,156, 2mn 36s, 8372Kbps,1280,720,30,480.347,16.225,126.359,156.736,299.32,1.6047942,17.404,61.96,134.377,213.741,2.247332051,66.007,61.992,62.06,100,91.142,80.03,100,32.542,30.173
28,61, 1mn 1s, 8363Kbps,1280,720,30,174.612,7.348,55.757,51.25,114.355,1.526929299,6.324,29.76,60.283,96.367,1.811948074,65.443,61.118,60.639,100,90.852,81.276,100,33.568,29.575
29,130, 2mn 10s, 8365Kbps,1280,720,30,414.515,14.207,110.487,132.493,257.187,1.611726098,17.224,55.336,125.87,198.43,2.088973442,67.715,63.899,63.649,100,90.003,81.39,100,33.285,30.02
30,32, 31s 934ms, 8400Kbps,1280,720,30,105.198,3.302,33.332,34.639,71.273,1.475986699,3.689,17.236,23.54,44.465,2.365860789,67.195,63.284,63.724,100,90.363,80.734,100,33.429,29.67
31,91.1, 1mn 31s, 8393Kbps,1280,720,30,299.124,10.484,95.169,98.729,204.382,1.463553542,11.559,39.27,85.71,136.539,2.190758684,67.426,62.941,61.652,100,90.697,80.916,100,33.496,29.821
32,93.4, 1mn 33s, 8367Kbps,1280,720,30,281.897,8.371,90.535,76.594,175.5,1.606250712,10.24,39.837,76.276,126.353,2.23102736,65.953,61.411,62.091,100,90.74,80.526,100,33.604,30.684
33,127, 2mn 7s, 8404Kbps,1280,720,30,430.363,14.381,101.738,135.857,251.976,1.707952345,16.842,59.595,119.078,195.515,2.20117638,66.413,61.997,60.6,100,90.305,80.322,100,33.763,29.89
34,45.3, 45s 0ms, 8451Kbps,1280,720,30,150.577,4.698,43.717,41.304,89.719,1.678317859,4.594,21.043,35.826,61.463,2.449880416,66.406,61.995,60.926,100,90.988,81.309,100,33.212,30.23
35,61.7, 1mn 1s, 8398Kbps,1280,720,30,195.597,7.608,55.309,50.105,113.022,1.73060997,7.734,22.479,50.851,81.064,2.412871312,69.844,66.943,65.464,100,90.418,80.504,100,33.369,30
36,31.4, 31s 434ms, 8375Kbps,1280,720,30,93.894,3.217,25.842,32.036,61.095,1.536852443,3.193,13.6,21.997,38.79,2.420572312,65.58,62.651,61.877,100,91.116,80.934,100,33.203,30.929
37,34, 34s 0ms, 8398Kbps,1280,720,30,114.626,3.086,34.287,30.338,67.711,1.692871173,4.353,12.031,33.731,50.115,2.287259304,65.848,62.006,60.184,100,90.028,80.757,100,32.102,29.882
38,31.4, 31s 267ms, 8425Kbps,1280,720,30,94.264,2.865,30.368,32.465,65.698,1.434807757,3.808,17.032,28.521,49.361,1.909685784,68.86,64.65,63.034,100,90.609,80.893,100,33.516,29.987
39,67.6, 1mn 7s, 8370Kbps,1280,720,30,242.805,7.904,67.78,66.074,141.758,1.712813386,7.321,28.737,66.893,102.951,2.358452079,69.126,65.232,64.715,100,91.205,80.07,100,33.231,30.693
40,28.6, 2mn 45s, 1454Kbps,1280,720,24,83.963,2.9,26.164,30.586,59.65,1.4075943,3.4,12.025,25.72,41.145,2.040661077,65.473,61.242,62.19,100,90.652,81.228,100,33.053,30.767
41,23.6, 2mn 16s, 1455Kbps,1280,720,24,77.864,2.485,21.746,24.826,49.057,1.587214872,2.804,11.568,22.723,37.095,2.099042998,68.068,63.615,62.328,100,90.01,81.36,100,33.926,30.189
42,4.9, 24s 698ms, 1666Kbps,1280,720,24,17.085,0.512,5.181,4.572,10.265,1.66439357,0.652,2.346,3.997,6.995,2.442458899,66.046,62.625,62.05,100,90.84,81.135,100,33.659,30.688
43,14.6, 1mn 19s, 1541Kbps,1280,720,24,42.899,1.322,15.504,13.224,30.05,1.427587354,1.543,6.239,11.053,18.835,2.277621449,65.943,62.545,61.482,100,90.879,81.27,100,33.331,30.736
44,12.8, 1mn 13s, 1470Kbps,1280,720,24,37.017,1.391,13.507,11.217,26.115,1.417461229,1.448,4.919,12.363,18.73,1.976348105,65.29,61.544,61.505,100,91.215,81.163,100,33.103,30.295
45,12.7, 1mn 11s, 1495Kbps,1280,720,24,43.645,1.293,12.616,13.922,27.831,1.568215299,1.6,5.117,11.18,17.897,2.438676873,66.912,63.48,63.343,100,91.195,80.704,100,33.842,30.179
46,6.72, 31s 957ms, 1765Kbps,1280,720,24,24.16,0.701,6.413,7.365,14.479,1.668623524,0.868,3.243,6.709,10.82,2.232902033,65.442,62.69,60.839,100,91.463,80.93,100,33.094,30.67
47,4.34, 25s 658ms, 1418Kbps,1280,720,24,14.58,0.39,4.572,4.456,9.418,1.548099384,0.528,2.013,3.589,6.13,2.378466558,66.151,62.985,62.782,100,90.306,81.048,100,33.204,30.782
48,24, 1mn 57s, 1710Kbps,1280,720,24,78.139,2.958,23.337,21.736,48.031,1.626845162,3.097,10.21,19.156,32.463,2.40701722,65.135,61.942,60.538,100,90.948,80.413,100,32.947,30.184
49,7.64, 44s 181ms, 1451Kbps,1280,720,24,25.208,0.776,8.211,8.365,17.352,1.4527432,0.867,3.621,6.534,11.022,2.287062239,67.198,64.063,61.868,100,91.169,80.293,100,33.393,30.304
50,18.2, 1mn 33s, 1621Kbps,1280,720,24,61.627,2.046,17.335,16.371,35.752,1.723735735,2.091,8.915,14.65,25.656,2.402050203,66.76,62.173,61.156,100,90.347,80.487,100,33.063,30.818
51,50.9, 4mn 59s, 1423Kbps,1280,720,24,159.124,6.073,50.931,44.765,101.769,1.563580265,5.235,21.328,41.135,67.698,2.350497799,68.896,65.336,63.932,100,90.207,80.419,100,33.075,29.745
52,4.07, 20s 693ms, 1649Kbps,1280,720,24,12.58,0.389,3.901,3.661,7.951,1.582190919,0.518,1.854,3.838,6.21,2.025764895,66.063,61.709,61.855,100,91.146,80.165,100,33.684,30.299
53,11, 1mn 1s, 1492Kbps,1280,720,24,32.118,1.029,10.257,9.814,21.1,1.522180095,1.12,4.944,10.225,16.289,1.971760083,65.38,62.027,59.893,100,90.253,81.02,100,33.051,30.396
54,4.37, 26s 951ms, 1360Kbps,1280,720,24,14.696,0.513,4.747,4.526,9.786,1.501737176,0.447,1.679,3.972,6.098,2.409970482,66.338,63.036,61.24,100,90.778,80.203,100,33.023,30.428
55,6.04, 33s 668ms, 1506Kbps,1280,720,24,17.152,0.624,5.036,5.55,11.21,1.530062444,0.781,2.301,5.427,8.509,2.015748031,67.055,63.703,61.603,100,91.496,80.541,100,33.929,29.545
56,10.8, 59s 74ms, 1537Kbps,1280,720,24,33.839,1.27,9.004,11.448,21.722,1.557821563,1.414,4.503,8.843,14.76,2.292615176,68.859,65.717,63.24,100,91.251,80.572,100,33.831,30.1
57,11.2, 58s 657ms, 1596Kbps,1280,720,24,37.351,1.095,11.702,11.462,24.259,1.539675997,1.382,5.591,9.009,15.982,2.3370667,69.384,65.599,63.2,100,90.721,80.17,100,33.552,30.426
58,5.32, 23s 780ms, 1877Kbps,1280,720,24,17.56,0.575,5.412,5.021,11.008,1.595203488,0.61,2.459,4.552,7.621,2.304159559,69.128,64.669,63.022,100,90.552,80.179,100,33.735,30.861
59,6.29, 35s 44ms, 1506Kbps,1280,720,24,18.705,0.712,5.194,6.339,12.245,1.52756227,0.755,3.156,5.863,9.774,1.913750767,69.1,65.371,65.129,100,90.705,81.188,100,33.398,30.998
60,18, 1mn 39s, 1520Kbps,1280,720,24,51.941,2.142,17.74,16.986,36.868,1.408836932,2.136,9.155,14.284,25.575,2.030928641,65.721,61.535,60.446,100,90.279,80.684,100,33.692,30.097
61,4.2, 22s 862ms, 1541Kbps,1280,720,24,15.092,0.496,4.334,4.57,9.4,1.605531915,0.559,2.168,3.47,6.197,2.435371954,69.759,65.599,63.837,100,90.337,80.193,100,33.854,30.432
62,4.71, 26s 701ms, 1479Kbps,1280,720,24,13.964,0.545,4.679,4.435,9.659,1.445698312,0.574,1.866,4.146,6.586,2.120255087,65.086,62.307,59.895,100,90.888,80.807,100,33.41,30.018
63,4.38, 21s 152ms, 1738Kbps,1280,720,24,13.949,0.397,3.807,4.777,8.981,1.553167799,0.475,1.726,3.911,6.112,2.282231675,67.939,63.798,64.112,100,91.013,81.196,100,33.521,30.01
64,6.04, 37s 130ms, 1364Kbps,1280,720,24,19.481,0.562,5.081,5.501,11.144,1.748115578,0.752,2.964,5.872,9.588,2.031810597,68.123,63.746,63.152,100,90.537,80.904,100,33.615,30.337
65,2.97, 13s 267ms, 1876Kbps,1280,720,24,9.03,0.266,2.778,3.19,6.234,1.448508181,0.335,1.147,2.576,4.058,2.225234105,69.5,64.686,65.275,100,91.356,81.108,100,33.88,30.489
66,3.35, 18s 524ms, 1518Kbps,1280,720,24,11.076,0.385,3.088,3.053,6.526,1.697211155,0.436,1.371,3.074,4.881,2.26920713,66.01,63.271,60.935,100,91.351,80.933,100,33.984,30.635
67,2.97, 15s 103ms, 1647Kbps,1280,720,24,10.628,0.29,3.098,3.087,6.475,1.641389961,0.363,1.448,2.66,4.471,2.377096846,66.909,63.608,63.307,100,91.218,80.674,100,33.235,30.725
68,7.4, 1mn 48s, 575Kbps,1280,720,24,24.309,0.803,8.033,7.413,16.249,1.496030525,0.946,3.285,6.774,11.005,2.208905043,69.055,64.613,64.101,100,90.799,80.606,100,33.298,29.794
69,1.87, 22s 278ms, 704Kbps,1280,720,24,5.754,0.189,1.734,1.895,3.818,1.507071765,0.209,0.768,1.57,2.547,2.259128386,68.979,64.223,64.299,100,90.796,81.018,100,33.888,29.902
70,4.86, 35s 128ms, 1162Kbps,1280,720,24,15.684,0.591,4.048,4.381,9.02,1.738802661,0.553,2.264,4.326,7.143,2.195716086,65.662,62.593,61.111,100,90.022,80.472,100,33.388,30.704
71,3.88, 40s 9ms, 814Kbps,1280,720,24,11.288,0.481,3.671,3.839,7.991,1.412589163,0.401,2.084,3.579,6.064,1.861477573,67.129,63.482,62.969,100,90.827,80.406,100,33.764,30.253
72,2.39, 22s 404ms, 896Kbps,1280,720,24,6.772,0.288,2.101,2.167,4.556,1.486391572,0.24,1.239,1.726,3.205,2.112948518,69.517,64.796,63.519,100,90.982,81.457,100,33.934,30.323
73,3.56, 28s 119ms, 1061Kbps,1280,720,24,12.065,0.339,3.677,2.906,6.922,1.742993355,0.395,1.519,3.086,5,2.413,68.433,65.258,64.408,100,90.089,81.019,100,33.143,30.617
74,1.54, 20s 651ms, 627Kbps,1280,720,24,4.789,0.156,1.29,1.335,2.781,1.722042431,0.175,0.575,1.214,1.964,2.438391039,67.553,64.472,62.876,100,91.117,81.124,100,33.513,30.703
75,2.83, 37s 506ms, 634Kbps,1280,720,24,8.261,0.299,3.064,2.498,5.861,1.409486436,0.365,1.347,2.311,4.023,2.053442704,68.744,65.683,63.434,100,91.1,81.42,100,33.423,30.905
76,7.65, 1mn 18s, 814Kbps,1280,720,24,22.778,0.927,7.55,6.897,15.374,1.481592299,0.947,3.41,7.421,11.778,1.933944643,69.123,66.117,64.597,100,91.161,81.364,100,33.931,30.107
77,1.7, 26s 617ms, 537Kbps,1280,720,24,5.927,0.153,1.746,1.757,3.656,1.621170678,0.182,0.928,1.551,2.661,2.227358136,68.737,65.662,62.661,100,90.992,80.607,100,32.416,30.948
78,1.71, 22s 487ms, 637Kbps,1280,720,24,5.183,0.193,1.72,1.411,3.324,1.559265945,0.169,0.886,1.28,2.335,2.219700214,68.84,64.343,64.352,100,90.907,81.31,100,32.202,30.576
79,5.01, 45s 349ms, 926Kbps,1280,720,24,15.634,0.532,5.456,4.126,10.114,1.545778129,0.564,2.365,4.203,7.132,2.19209198,65.669,61.182,62.254,100,91.137,81.368,100,33.485,30.991
80,2.99, 49s 771ms, 504Kbps,1280,720,24,9.318,0.292,2.674,2.74,5.706,1.633017876,0.297,1.501,2.914,4.712,1.977504244,69.513,65.721,64.907,100,91.217,80.363,100,33.283,30.349
81,5.48, 53s 192ms, 863Kbps,1280,720,24,18.497,0.598,4.536,5.506,10.64,1.73843985,0.619,2.686,4.926,8.231,2.247236059,69.717,66.865,65.012,100,91.499,80.544,100,33.735,30.292
82,2.43, 26s 993ms, 756Kbps,1280,720,24,8.009,0.26,2.372,1.97,4.602,1.740330291,0.296,1.223,2.131,3.65,2.194246575,69.751,66.491,64.001,100,90.398,81.496,100,33.642,30.628
83,1.98, 21s 152ms, 787Kbps,1280,720,24,5.928,0.224,1.93,1.736,3.89,1.523907455,0.196,0.918,1.936,3.05,1.943606557,67.785,64.364,64.298,100,91.319,80.666,100,33.224,29.947
84,3.13, 38s 841ms, 676Kbps,1280,720,24,8.771,0.346,3.07,2.745,6.161,1.423632527,0.323,1.346,2.286,3.955,2.217699115,65.261,62.522,61.751,100,90.445,80.337,100,33.296,30.35
85,3.42, 37s 130ms, 772Kbps,1280,720,24,11.731,0.412,3.432,3.607,7.451,1.574419541,0.364,1.406,3.397,5.167,2.270369654,66.851,63.965,63.08,100,90.392,81.246,100,33.735,30.222
86,13.3, 2mn 42s, 686Kbps,1280,720,24,41.231,1.541,13.447,11.133,26.121,1.578461774,1.716,6.387,9.877,17.98,2.293159066,65.11,61.642,59.719,100,90.543,81.332,100,33.775,30.06
87,6.28, 1mn 18s, 667Kbps,1280,720,24,18.026,0.648,5.187,5.53,11.365,1.586097668,0.666,2.573,5.263,8.502,2.12020701,69.712,65.273,64.81,100,91.074,80.739,100,33.526,29.637
88,8.33, 1mn 46s, 656Kbps,1280,720,24,25.195,0.831,7.109,8.153,16.093,1.565587523,1.013,4.135,8.207,13.355,1.886559341,65.216,60.895,59.404,100,91.187,80.403,100,33.028,30.205
89,2.35, 22s 862ms, 862Kbps,1280,720,24,7.255,0.267,2.136,2.231,4.634,1.565602072,0.247,0.85,2.133,3.23,2.246130031,68.741,64.65,64.007,100,90.1,80.198,100,33.079,30.926
90,7.84, 1mn 10s, 938Kbps,1280,720,24,25.309,0.919,8.604,6.522,16.045,1.57737613,0.834,3.899,7.693,12.426,2.036777724,66.219,62.174,62.802,100,90.15,80.125,100,33.085,30.718
91,3.51, 25s 699ms, 1144Kbps,1280,720,24,9.891,0.374,2.934,3.049,6.357,1.555922605,0.404,1.691,3.216,5.311,1.862361137,68.524,64.198,63.704,100,91.136,80.243,100,33.881,30.48
92,5.65, 50s 981ms, 930Kbps,1280,720,24,18.53,0.58,6.148,5.111,11.839,1.565165977,0.723,2.332,5.034,8.089,2.290765237,68.815,65.927,65.373,100,90.541,80.377,100,33.61,30.07
93,2.31, 20s 568ms, 942Kbps,1280,720,24,7.785,0.258,2.243,2.513,5.014,1.552652573,0.241,1.226,1.784,3.251,2.394647801,67.189,62.497,62.309,100,90.208,81.267,100,33.759,30.02
94,1.56, 23s 280ms, 563Kbps,1280,720,24,4.64,0.174,1.254,1.553,2.981,1.556524656,0.193,0.811,1.42,2.424,1.914191419,65.208,61.608,59.963,100,90.213,80.457,100,33.888,29.626
95,1.7, 19s 275ms, 741Kbps,1280,720,24,6.055,0.203,1.77,1.576,3.549,1.706114398,0.228,0.841,1.632,2.701,2.24176231,65.108,61.959,61.766,100,90.12,81.116,100,33.37,30.766
96,3.53, 41s 678ms, 711Kbps,1280,720,24,10.799,0.403,2.868,3.608,6.879,1.569850269,0.433,1.779,3.441,5.653,1.910313108,68.802,64.063,64.868,100,91.457,81.378,100,33.604,30.573
97,3.5, 35s 962ms, 816Kbps,1280,720,24,11.699,0.344,2.809,3.689,6.842,1.709880152,0.407,1.922,2.817,5.146,2.273416246,66.737,63.534,62.46,100,91.449,80.089,100,33.019,30.734
98,36.9, 3mn 30s, 1470Kbps,1280,720,24,114.761,4.093,37.863,39.839,81.795,1.40303197,4.913,19.412,29.429,53.754,2.134929494,65.652,62.103,59.957,100,91.31,80.238,100,33.342,30.427
99,4.17, 25s 407ms, 1378Kbps,1280,720,24,12.994,0.437,4.274,3.698,8.409,1.545249138,0.505,1.47,3.78,5.755,2.257862728,68.111,64.24,62.218,100,90.237,80.233,100,33.002,29.955
100,6.09, 34s 961ms, 1462Kbps,1280,720,24,18.286,0.664,6.561,5.523,12.748,1.434421086,0.773,3.204,5.456,9.433,1.938513728,67.646,63.178,61.875,100,90.328,81.358,100,33.624,30.87
101,9.5, 51s 940ms, 1534Kbps,1280,720,24,29.25,0.955,10.235,8.434,19.624,1.49052181,1.08,3.915,8.896,13.891,2.105679937,67.03,63.102,62.874,100,90.73,80.891,100,33.942,29.765
102,20.1, 1mn 54s, 1466Kbps,1280,720,24,58.89,2.435,16.581,16.162,35.178,1.67405765,2.279,10.653,15.292,28.224,2.086522109,68.526,65.762,64.471,100,91.342,81.4,100,33.862,29.892
103,5.38, 27s 410ms, 1647Kbps,1280,720,24,18.987,0.658,5.207,5.214,11.079,1.713782832,0.722,2.803,5.102,8.627,2.200880955,67.644,64.205,63.506,100,91.057,80.035,100,33.461,30.116
104,6.5, 36s 171ms, 1508Kbps,1280,720,24,22.67,0.756,7.066,6.796,14.618,1.550827747,0.685,2.91,6.302,9.897,2.290593109,69.526,66.302,63.68,100,91.24,80.407,100,33.734,29.771
105,21.5, 2mn 3s, 1469Kbps,1280,720,24,72.027,2.103,18.252,21.162,41.517,1.734879688,2.501,10.898,20.968,34.367,2.095818663,68.344,64.126,63.7,100,90.128,80.442,100,33.144,29.863
106,3.69, 19s 984ms, 1550Kbps,1280,720,24,13.135,0.375,4.05,3.613,8.038,1.634112963,0.477,1.904,3.686,6.067,2.164990935,65.071,61.922,61.5,100,90.692,80.694,100,33.872,30.723
107,26.3, 2mn 24s, 1531Kbps,1280,720,24,86.994,3.022,27.208,22.755,52.985,1.641860904,2.676,12.803,25.558,41.037,2.119891805,68.72,65.431,64.705,100,90.552,81.357,100,33.215,30.257
108,28.9, 2mn 36s, 1545Kbps,1280,720,24,97.606,3.076,29.886,25.672,58.634,1.664665552,3.679,14.443,23.837,41.959,2.326223218,67.902,63.271,63.507,100,91.397,80.355,100,33.326,30.582
109,11.5, 1mn 3s, 1526Kbps,1280,720,24,37.659,1.363,10.961,12.366,24.69,1.52527339,1.156,5.808,10.694,17.658,2.132687734,67.469,64.614,61.514,100,91.057,81.475,100,33.028,29.825
110,9.22, 47s 810ms, 1618Kbps,1280,720,24,32.956,0.928,9.233,10.042,20.203,1.631242885,0.966,4.269,8.428,13.663,2.412061773,66.574,61.948,61.517,100,90.775,81.404,100,33.048,30.14
111,12, 1mn 13s, 1380Kbps,1280,720,24,33.939,1.159,9.619,12.666,23.444,1.447662515,1.393,4.522,11.312,17.227,1.970105068,67.642,63.229,63.649,100,91.45,80.701,100,33.455,30.856
112,6.48, 33s 918ms, 1603Kbps,1280,720,24,20.319,0.755,5.915,6.227,12.897,1.57548267,0.77,3.277,6.071,10.118,2.008203202,68.401,63.906,64.554,100,91.365,81.243,100,33.564,30.658
113,8.89, 42s 429ms, 1757Kbps,1280,720,24,25.453,0.905,8.084,7.967,16.956,1.501120547,1.094,3.601,7.663,12.358,2.059637482,65.392,61.97,60.632,100,90.254,80.904,100,33.518,30.323
114,3.9, 21s 27ms, 1555Kbps,1280,720,24,12.416,0.484,3.37,3.845,7.699,1.612676971,0.387,1.41,3.543,5.34,2.325093633,68.975,64.899,64.693,100,91.059,80.777,100,33.09,30.866
115,8.07, 44s 556ms, 1520Kbps,1280,720,24,28.29,0.976,8.746,7.987,17.709,1.5974928,0.987,4.024,7.798,12.809,2.208603326,69.448,66.404,65.489,100,91.174,80.026,100,32.856,30.829
116,3.46, 19s 358ms, 1499Kbps,1280,720,24,10.161,0.409,3.349,3.361,7.119,1.427307206,0.426,1.279,2.454,4.159,2.443135369,69.783,66.755,65.639,100,90.253,80.284,100,33.429,30.474
117,6.16, 29s 788ms, 1735Kbps,1280,720,24,20.034,0.687,5.006,6.501,12.194,1.64293915,0.807,3.147,4.627,8.581,2.334692926,65.253,61.545,59.725,100,90.778,80.845,100,33.916,30.747
118,5.57, 27s 618ms, 1691Kbps,1280,720,24,18.403,0.653,5.924,5.73,12.307,1.495327862,0.615,3.03,5.27,8.915,2.064273696,69.31,65.951,63.508,100,90.341,80.595,100,33.979,30.524
119,8.2, 42s 429ms, 1620Kbps,1280,720,24,29.306,0.81,8.081,7.863,16.754,1.749194222,1.081,3.59,7.3,11.971,2.448082867,69.794,65.603,65.124,100,90.38,80.99,100,33.925,29.888
120,5.58, 32s 41ms, 1460Kbps,1280,720,24,15.984,0.626,4.512,5.11,10.248,1.55971897,0.635,2.11,5.571,8.316,1.922077922,66.365,62.181,61.393,100,91.058,80.916,100,33.992,29.829
121,22.1, 1mn 51s, 1660Kbps,1280,720,24,71.133,2.227,19.207,22.976,44.41,1.601733844,2.253,11.49,16.855,30.598,2.324759788,65.486,61.448,60.836,100,90.797,80.945,100,33.345,30.3
122,8.36, 40s 384ms, 1737Kbps,1280,720,24,28.198,0.752,7.099,8.992,16.843,1.67416731,0.887,3.493,8.109,12.489,2.257826888,68.307,63.608,63.317,100,90.197,81.3,100,33.522,29.788
123,4.72, 27s 243ms, 1453Kbps,1280,720,24,16.254,0.42,5.13,4.207,9.757,1.665880906,0.62,2.316,4.337,7.273,2.234841193,66.539,63.168,62.125,100,90.6,80.505,100,33.214,29.974
124,6.28, 36s 87ms, 1461Kbps,1280,720,24,21.358,0.602,5.738,6.332,12.672,1.685448232,0.821,3.128,5.36,9.309,2.294338812,66.523,63.45,62.344,100,90.108,80.675,100,33.228,29.949
125,6.45, 32s 917ms, 1643Kbps,1280,720,24,19.206,0.706,6.802,5.321,12.829,1.497076935,0.801,2.937,6.3,10.038,1.913329348,66.282,62.149,61.635,100,90.028,80.005,100,33.928,30.224
126,4.23, 25s 783ms, 1376Kbps,1280,720,24,12.105,0.405,4.041,4.027,8.473,1.42865573,0.499,1.608,3.947,6.054,1.99950446,66.601,61.986,61.043,100,91.393,80.238,100,33.709,29.82
127,2.53, 13s 643ms, 1557Kbps,1280,720,24,8.04,0.314,2.567,2.532,5.413,1.485313135,0.32,1.169,1.96,3.449,2.331110467,66.926,62.894,62.503,100,91.267,81.154,100,33.1,30.826
128,13.5, 1mn 14s, 1521Kbps,1280,720,24,46.582,1.484,14.372,11.968,27.824,1.674166187,1.751,5.791,12.689,20.231,2.302506055,69.245,65.424,64.609,100,90.241,80.299,100,33.593,30.817
129,8.85, 51s 440ms, 1444Kbps,1280,720,24,27.278,0.979,8.224,7.281,16.484,1.654816792,1.102,4.653,8.235,13.99,1.949821301,68.282,63.809,62.583,100,90.344,81.362,100,33.04,30.239
130,9.19, 50s 147ms, 1538Kbps,1280,720,24,31.257,0.898,9.522,8.847,19.267,1.622307573,1.222,4.972,8.442,14.636,2.135624488,66.349,61.711,62.838,100,91.092,81.375,100,33.622,30.994
131,6.62, 40s 968ms, 1355Kbps,1280,720,24,20.162,0.598,5.537,5.8,11.935,1.689317134,0.689,3.36,6.107,10.156,1.985230406,69.38,65.195,65.185,100,91.096,80.948,100,33.909,30.604
132,15.6, 1mn 23s, 1569Kbps,1280,720,24,48.163,1.588,14.656,13.474,29.718,1.620667609,1.903,6.012,15.015,22.93,2.10043611,67.19,62.645,61.37,100,90.884,81.12,100,33.918,30.738
133,3.56, 22s 779ms, 1311Kbps,1280,720,24,12.254,0.318,3.325,3.836,7.479,1.638454339,0.401,1.45,3.244,5.095,2.405103042,67.931,63.209,64.096,100,90.273,81.336,100,33.468,30.524
134,12.5, 1mn 1s, 1704Kbps,1280,720,24,35.856,1.48,12.762,10.802,25.044,1.431720172,1.483,5.207,12.175,18.865,1.900662603,68.517,64.788,63.106,100,90.022,80.14,100,33.145,30.265
135,7.58, 38s 6ms, 1673Kbps,1280,720,24,25.407,0.888,7.41,7.604,15.902,1.597723557,0.946,2.837,7.105,10.888,2.333486407,67.517,63.869,61.557,100,90.471,80.323,100,33.807,30.025
136,19.2, 1mn 45s, 1527Kbps,1280,720,24,63.971,2.002,18.409,17.935,38.346,1.668257445,2.231,9.676,15.831,27.738,2.306258562,66.873,62.238,61.919,100,90.933,80.328,100,33.451,30.482
137,12.7, 1mn 11s, 1497Kbps,1280,720,24,43.294,1.443,13.125,13.415,27.983,1.547153629,1.575,6.058,11.285,18.918,2.288508299,68.896,64.631,63.303,100,91.126,81.442,100,33.902,29.878
138,5.55, 30s 205ms, 1541Kbps,1280,720,24,19.142,0.574,4.994,5.892,11.46,1.670331588,0.659,2.954,5.177,8.79,2.177701934,68.506,65.692,64.704,100,90.819,81.178,100,33.37,30.529
139,10.8, 1mn 0s, 1510Kbps,1280,720,24,35.909,0.976,10.741,11.872,23.589,1.522277333,1.168,5.11,8.379,14.657,2.449955653,68.895,65.802,63.762,100,91.059,80.613,100,33.689,29.756
140,4.14, 25s 824ms, 1346Kbps,1280,720,24,14.844,0.378,4.09,4.19,8.658,1.714483714,0.451,2.09,3.683,6.224,2.38496144,66.409,63.215,61.987,100,91.332,81.332,100,33.467,29.808
141,20, 1mn 44s, 1603Kbps,1280,720,24,58.371,1.933,19.606,18.477,40.016,1.458691523,2.178,10.804,17.034,30.016,1.944662846,69.203,64.93,63.836,100,90.142,80.164,100,33.669,30.433
142,10.6, 57s 656ms, 1541Kbps,1280,720,24,33.999,1.206,11.113,10.904,23.223,1.464022736,1.41,5.286,8.258,14.954,2.273572288,66.54,62.479,62.206,100,90.325,81.166,100,33.472,29.831
143,11.4, 58s 449ms, 1631Kbps,1280,720,24,32.841,1.342,10.623,10.065,22.03,1.4907399,1.531,5.699,11.009,18.239,1.800592138,69.814,66.495,63.776,100,90.604,80.82,100,33.163,30.632
144,12.6, 2mn 35s, 680Kbps,1280,720,24,44.415,1.209,13.501,13.679,28.389,1.564514425,1.304,6.248,12.448,20,2.22075,69.147,66.295,63.064,100,91.29,80.871,100,33.065,30.184
145,3.39, 1mn 1s, 464Kbps,1280,720,24,11.248,0.408,3.06,3.685,7.153,1.572487068,0.423,1.684,2.795,4.902,2.294573643,68.166,64.137,63.218,100,91.081,80.917,100,33.04,30.874
146,6.19, 43s 430ms, 1196Kbps,1280,720,24,19.509,0.641,5.437,6.066,12.144,1.606472332,0.822,2.772,4.549,8.143,2.395800074,69.415,66.037,63.939,100,90.589,80.836,100,33.177,30.84
147,7.9, 1mn 27s, 759Kbps,1280,720,24,26.911,0.802,8.153,8.433,17.388,1.547676559,0.972,3.314,7.326,11.612,2.317516362,69.813,65.942,65.31,100,90.155,81.276,100,33.847,29.853
148,2.95, 46s 392ms, 534Kbps,1280,720,24,9.646,0.357,2.511,2.976,5.844,1.650581793,0.388,1.309,2.38,4.077,2.365955359,66.63,62.225,62.334,100,91.494,80.287,100,33.492,29.675
149,3.88, 32s 499ms, 1002Kbps,1280,720,24,12.063,0.354,3.374,3.73,7.458,1.617457763,0.388,1.669,3.819,5.876,2.052927161,65.379,61.644,59.574,100,91.455,80.845,100,33.36,29.938
150,3.32, 34s 794ms, 800Kbps,1280,720,24,11.097,0.352,3.599,3.27,7.221,1.536767761,0.4,1.47,3.242,5.112,2.170774648,65.599,61.519,60.517,100,91.226,80.8,100,33.466,30.88
151,5.67, 1mn 26s, 553Kbps,1280,720,24,18.166,0.693,5.101,4.999,10.793,1.683127953,0.669,2.731,5.499,8.899,2.041352961,67.886,63.304,64.41,100,90.354,81.382,100,33.489,29.866
152,1.95, 22s 195ms, 738Kbps,1280,720,24,6.355,0.24,2.06,1.771,4.071,1.561041513,0.248,0.948,1.816,3.012,2.109893758,66.493,63.251,62.128,100,91.46,80.313,100,33.422,29.708
153,3.29, 28s 494ms, 970Kbps,1280,720,24,11.62,0.327,3.145,3.366,6.838,1.699327289,0.39,1.509,3.028,4.927,2.358433124,67.474,64.667,62.547,100,90.526,80.535,100,33.548,30.927
154,2.14, 30s 789ms, 583Kbps,1280,720,24,6.498,0.267,1.931,2.025,4.223,1.538716552,0.215,1.027,2.02,3.262,1.99202943,69.434,64.59,63.531,100,90.796,80.876,100,32.894,30.34
155,3.24, 53s 25ms, 513Kbps,1280,720,24,9.252,0.294,2.935,3.127,6.356,1.455632473,0.36,1.467,2.984,4.811,1.923092912,68.703,64.155,63.094,100,91.106,80.855,100,33.27,29.797
156,3.41, 26s 867ms, 1065Kbps,1280,720,24,9.821,0.312,3.47,3.054,6.836,1.436658865,0.428,1.37,2.814,4.612,2.129444926,68.649,65.137,64.452,100,90.457,80.295,100,33.102,29.591
157,2.58, 19s 733ms, 1096Kbps,1280,720,24,7.822,0.29,2.248,2.215,4.753,1.645697454,0.342,1.311,1.957,3.61,2.166759003,67.793,64.232,61.707,100,91.193,81.101,100,33.837,30.598
158,9.1, 1mn 27s, 869Kbps,1280,720,24,30.364,0.841,9.689,7.901,18.431,1.64744181,1.097,4.93,7.354,13.381,2.269187654,67.112,62.853,63.569,100,90.992,81.178,100,33.229,30.444
159,6.91, 1mn 33s, 619Kbps,1280,720,24,19.396,0.708,6.376,6.125,13.209,1.468392763,0.693,3.097,6.447,10.237,1.894695712,69.221,65.465,65.122,100,90.474,80.041,100,33.029,30.564
160,3.02, 26s 409ms, 960Kbps,1280,720,24,9.875,0.339,2.892,2.979,6.21,1.590177134,0.36,1.1,2.664,4.124,2.394519884,66.135,63.194,60.846,100,90.392,80.018,100,33.342,30.425
161,3.8, 47s 226ms, 676Kbps,1280,720,24,10.877,0.449,3.632,3.222,7.303,1.489387923,0.485,1.464,3.249,5.198,2.092535591,68.816,65.684,64.005,100,91.43,80.438,100,33.339,29.703
162,9.59, 1mn 32s, 874Kbps,1280,720,24,34.127,0.896,10.373,9.925,21.194,1.610219874,1.204,4.556,8.209,13.969,2.443052473,67.117,63.784,63.133,100,90.955,80.407,100,33.585,29.972
163,3.05, 29s 788ms, 858Kbps,1280,720,24,10.19,0.318,3.057,2.803,6.178,1.649401101,0.316,1.444,2.933,4.693,2.171318986,65.932,62.012,61.219,100,90.098,80.524,100,33.163,30.063
164,2.53, 29s 204ms, 726Kbps,1280,720,24,8.397,0.285,2.344,2.279,4.908,1.710880196,0.314,1.195,2.471,3.98,2.109798995,67.37,64.126,63.52,100,90.866,80.143,100,33.23,29.823
165,1.72, 22s 612ms, 640Kbps,1280,720,24,5.386,0.192,1.698,1.853,3.743,1.438952712,0.185,0.937,1.561,2.683,2.007454342,69.258,66.474,63.087,100,91.067,80.543,100,33.509,30.144
166,11.9, 1mn 24s, 1184Kbps,1280,720,24,41.842,1.224,12.988,10.708,24.92,1.67905297,1.585,5.371,10.758,17.714,2.362086485,68.557,64.955,62.655,100,90.378,80.607,100,33.112,30.841
167,3.51, 22s 153ms, 1328Kbps,1280,720,24,10.822,0.315,3.143,3.118,6.576,1.645681265,0.461,1.794,2.771,5.026,2.153203343,66.145,62.078,60.908,100,90.427,80.638,100,33.015,29.99
168,4.26, 31s 707ms, 1127Kbps,1280,720,24,13.695,0.424,4.365,3.552,8.341,1.641889462,0.436,1.757,3.864,6.057,2.261020307,68.83,64.977,64.229,100,91.035,80.897,100,33.684,29.733
169,10.4, 1mn 20s, 1085Kbps,1280,720,24,35.194,0.945,11.353,11.186,23.484,1.49863737,1.062,4.773,9.521,15.356,2.291872884,68.534,65.471,63.569,100,90.342,80.974,100,32.556,29.77
170,9.5, 1mn 26s, 918Kbps,1280,720,24,31.662,1.174,8.537,9.625,19.336,1.637463798,1.149,5.183,6.914,13.246,2.390306508,68.108,63.698,62.766,100,90.993,80.105,100,33.359,30.248
171,5.7, 42s 429ms, 1127Kbps,1280,720,24,18.904,0.603,6.115,5.091,11.809,1.600812939,0.569,2.437,4.924,7.93,2.383858764,65.625,61.031,60.108,100,90.513,81.483,100,33.949,30.257
172,3.95, 28s 244ms, 1173Kbps,1280,720,24,11.893,0.367,3.993,4.037,8.397,1.416339169,0.459,1.872,3.395,5.726,2.077017115,68.685,64.054,63.75,100,91.418,81.099,100,33.894,30.375
173,4.82, 52s 107ms, 776Kbps,1280,720,24,14.674,0.582,4.445,5.298,10.325,1.421210654,0.623,1.79,3.969,6.382,2.299279223,67.972,63.664,64.222,100,91.243,80.964,100,33.394,30.411
174,10.2, 1mn 11s, 1194Kbps,1280,720,24,32.343,1.155,10.478,9.151,20.784,1.556148961,1.228,3.853,9.875,14.956,2.162543461,67.017,63.862,62.177,100,91.046,80.815,100,33.167,29.762
175,18, 2mn 14s, 1126Kbps,1280,720,24,59.795,2.161,18.012,18.969,39.142,1.527642941,2.276,9.482,15.88,27.638,2.163506766,67.858,64.17,63.739,100,90.233,80.503,100,32.514,30.841
176,9.87, 1mn 26s, 954Kbps,1280,720,24,29.816,1.098,7.909,9.608,18.615,1.601719044,1.225,4.707,6.933,12.865,2.317605908,66.322,62.829,61.758,100,91.243,80.921,100,33.947,30.15
177,10.6, 1mn 18s, 1138Kbps,1280,720,24,32.374,1.187,10.211,9.846,21.244,1.523912634,1.283,4.024,9.534,14.841,2.181389394,67.696,64.932,64.269,100,90.469,81.39,100,33.661,29.858
178,3.17, 24s 323ms, 1094Kbps,1280,720,24,10.73,0.359,3.43,2.566,6.355,1.688434304,0.426,1.544,3.038,5.008,2.142571885,69.041,64.739,64.023,100,90.044,81.322,100,33.114,30.82
179,3.82, 25s 908ms, 1238Kbps,1280,720,24,11.899,0.394,3.683,4.065,8.142,1.461434537,0.492,2.043,3.747,6.282,1.894141993,66.346,62.372,60.486,100,90.453,81.339,100,33.409,30.041
180,5.08, 27s 744ms, 1535Kbps,1280,720,24,18.204,0.486,5.007,5.453,10.946,1.663073269,0.638,2.371,4.664,7.673,2.372474912,67.72,64.565,64.067,100,91.273,80.545,100,33.752,30.185
181,27.2, 2mn 32s, 1500Kbps,1280,720,24,84.239,3.107,22.388,26.803,52.298,1.610749933,3.388,14.16,24.313,41.861,2.012350398,65.897,61.325,60.917,100,91.375,80.986,100,32.175,30.577
182,3.51, 16s 688ms, 1765Kbps,1280,720,24,12.571,0.426,3.41,3.521,7.357,1.708712791,0.351,1.789,3.34,5.48,2.293978102,67.096,64.021,62.902,100,90.801,80.781,100,33.092,29.826
183,19.4, 1mn 47s, 1512Kbps,1280,720,24,64.858,2.29,17.34,19.322,38.952,1.665074964,2.272,9.951,16.75,28.973,2.238566942,65.19,62.159,59.723,100,91.217,81.421,100,33.728,29.711
184,5.01, 24s 364ms, 1723Kbps,1280,720,24,15.58,0.476,5.477,4.704,10.657,1.461949892,0.533,2.007,4.206,6.746,2.309516751,69.255,64.481,63.09,100,91.073,81.084,100,33.069,29.946
185,4.3, 21s 194ms, 1704Kbps,1280,720,24,15.216,0.435,4.57,4.262,9.267,1.641955325,0.521,1.927,3.768,6.216,2.447876448,69.276,65.675,65.736,100,91.146,80.092,100,33.163,30.35
186,7.11, 39s 925ms, 1494Kbps,1280,720,24,24.801,0.692,6.35,7.278,14.32,1.731913408,0.799,3.44,6.532,10.771,2.30257172,69.004,66.049,63.153,100,91.17,81.247,100,33.446,30.78
187,7.88, 42s 721ms, 1548Kbps,1280,720,24,25.947,0.864,8.459,7.894,17.217,1.507056979,0.792,4.116,7.223,12.131,2.138900338,65.286,61.237,61.042,100,90.98,81.306,100,32.743,30.139
188,3.34, 18s 315ms, 1530Kbps,1280,720,24,10.107,0.391,2.89,3.59,6.871,1.470964925,0.41,1.412,2.919,4.741,2.131828728,69.422,64.709,64.567,100,90.294,81.08,100,33.91,30.026
189,11.5, 1mn 3s, 1511Kbps,1280,720,24,36.057,1.358,10.693,9.672,21.723,1.659853611,1.44,4.883,10.433,16.756,2.151885892,65.226,61.597,61.921,100,90.802,80.593,100,33.842,30.042
190,8.34, 1mn 19s, 881Kbps,1280,720,24,25.073,0.85,8.698,7.438,16.986,1.476097963,0.881,3.921,6.171,10.973,2.284972205,67.381,64.491,63.956,100,90.731,80.039,100,32.626,29.585
191,4.73, 42s 554ms, 933Kbps,1280,720,24,16.595,0.527,5.049,4.391,9.967,1.664994482,0.583,1.866,4.585,7.034,2.359255047,66.56,62.167,62.41,100,90.795,80.239,100,33.751,29.914
192,2.91, 19s 567ms, 1246Kbps,1280,720,24,9.059,0.329,2.583,2.901,5.813,1.558403578,0.314,1.341,2.19,3.845,2.356046814,67.188,63.064,63.442,100,91.433,80.665,100,33.393,30.211
193,3.46, 23s 238ms, 1250Kbps,1280,720,24,10.625,0.402,3.488,2.992,6.882,1.543882592,0.389,1.301,3.371,5.061,2.099387473,68.741,64.789,64.868,100,90.838,81.281,100,33.044,30.833
194,11.4, 1mn 9s, 1376Kbps,1280,720,24,32.8,1.05,10.984,10.201,22.235,1.475151788,1.225,5.258,9.105,15.588,2.104182705,67.373,63.646,62.652,100,90.648,80.374,100,33.823,29.805
195,3.01, 24s 573ms, 1026Kbps,1280,720,24,10.511,0.338,3.031,3.148,6.517,1.612858677,0.365,1.231,2.737,4.333,2.425801985,67.987,63.301,63.52,100,90.121,80.214,100,33.838,29.717
196,13, 1mn 20s, 1353Kbps,1280,720,24,43.436,1.201,13.254,11.77,26.225,1.656282173,1.296,4.558,12.742,18.596,2.335771134,68.242,64.455,64.814,100,90.143,80.972,100,32.892,29.979
197,3.63, 21s 819ms, 1394Kbps,1280,720,24,11.845,0.452,3.647,3.987,8.086,1.464877566,0.446,1.877,2.608,4.931,2.402149665,67.601,64.471,62.407,100,90.323,80.987,100,33.801,29.589
198,4.26, 27s 243ms, 1312Kbps,1280,720,24,12.966,0.521,3.526,4.241,8.288,1.564430502,0.442,1.82,3.312,5.574,2.326157158,67.942,64.305,63.699,100,90.703,80.149,100,33.631,29.927
199,5.84, 36s 922ms, 1326Kbps,1280,720,24,19.991,0.677,5.969,5.913,12.559,1.59176686,0.677,2.798,4.809,8.284,2.413206181,69.018,65.092,63.613,100,91.458,80.023,100,33.425,29.803
200,3.96, 19s 942ms, 1666Kbps,1280,720,24,13.87,0.44,4.193,3.335,7.968,1.740712851,0.473,1.737,3.566,5.776,2.401315789,67.271,63.309,62.779,100,90.523,80.17,100,33.588,30.052
201,5.44, 32s 374ms, 1411Kbps,1280,720,24,16.653,0.517,4.38,5.199,10.096,1.649465135,0.692,2.853,5.286,8.831,1.885743404,69.702,65.759,65.882,100,90.135,80.53,100,33.555,29.535
202,2.99, 23s 363ms, 1073Kbps,1280,720,24,10.576,0.342,3.287,2.93,6.559,1.612440921,0.373,1.559,2.398,4.33,2.442494226,67.39,63.191,61.555,100,91.328,80.858,100,32.775,30.558
203,8.63, 45s 349ms, 1597Kbps,1280,720,24,27.756,1.007,7.712,8.259,16.978,1.634821534,1.008,3.844,6.641,11.493,2.415035239,68.202,64.767,63.411,100,90.131,81.104,100,33.119,30.307
204,2.72, 15s 353ms, 1484Kbps,1280,720,24,8.76,0.339,2.218,2.899,5.456,1.605571848,0.366,1.106,2.114,3.586,2.44283324,66.106,62.68,61.054,100,90.003,80.746,100,33.136,30.637
205,3, 15s 895ms, 1583Kbps,1280,720,24,10.477,0.319,2.763,3.177,6.259,1.67390957,0.354,1.645,2.379,4.378,2.393101873,68.825,64.333,65.192,100,91.178,80.296,100,33.93,29.612
206,4.49, 22s 779ms, 1653Kbps,1280,720,24,14.824,0.461,4.899,4.413,9.773,1.516832088,0.511,1.684,4.397,6.592,2.248786408,68.264,64.796,63.052,100,90.782,81.105,100,33.004,29.813
207,12, 1mn 0s, 1664Kbps,1280,720,24,38.918,1.105,10.134,12.905,24.144,1.611911862,1.571,4.731,10.841,17.143,2.270197748,66.428,62.257,61.498,100,91.109,80.01,100,33.202,30.078
208,2.66, 17s 898ms, 1245Kbps,1280,720,24,8.051,0.324,2.167,2.386,4.877,1.650809924,0.268,1.181,2.51,3.959,2.033594342,69.783,66.845,64.994,100,91.329,80.428,100,33.792,30.597
209,2.78, 18s 565ms, 1258Kbps,1280,720,24,9.002,0.266,2.391,2.864,5.521,1.630501721,0.361,1.52,2.138,4.019,2.239860662,68.075,65.052,63.242,100,91.4,80.651,100,33.674,29.864
210,7.71, 42s 11ms, 1539Kbps,1280,720,24,25.664,0.941,8.184,8.307,17.432,1.47223497,1.031,3.879,7.107,12.017,2.135641175,67.662,64.019,61.67,100,90.15,81.5,100,33.097,30.663
211,3.78, 49s 20ms, 647Kbps,1280,720,24,10.854,0.357,3.045,3.875,7.277,1.491548715,0.413,1.931,3.312,5.656,1.919024045,68.688,64.814,64.198,100,90.219,81.215,100,33.998,30.936
212,3.94, 23s 572ms, 1401Kbps,1280,720,24,13.086,0.461,4.232,3.789,8.482,1.54279651,0.444,1.953,3.196,5.593,2.339710352,65.696,61.782,61.231,100,90.841,80.856,100,33.475,30.7
213,2.2, 23s 446ms, 787Kbps,1280,720,24,7.572,0.24,2.373,2.281,4.894,1.547200654,0.268,1.084,1.78,3.132,2.417624521,66.688,62.294,60.878,100,90.936,81.252,100,33.143,30.255
214,3.13, 36s 546ms, 719Kbps,1280,720,24,9.16,0.328,2.621,2.621,5.57,1.644524237,0.357,1.377,2.663,4.397,2.083238572,65.657,61.486,60.357,100,91.371,80.369,100,33.644,29.903
215,8.72, 1mn 6s, 1106Kbps,1280,720,24,24.716,0.983,7.382,7.067,15.432,1.60160705,0.921,3.392,7.9,12.213,2.02374519,69.034,65.452,64.841,100,91.42,81.064,100,33.145,30.205
216,1.3, 19s 233ms, 567Kbps,1280,720,24,4.005,0.156,1.144,1.363,2.663,1.503942922,0.156,0.535,1.223,1.914,2.092476489,69.807,65.355,64.404,100,91.006,81.15,100,32.907,29.631
217,2.51, 17s 522ms, 1201Kbps,1280,720,24,9.033,0.3,2.545,2.438,5.283,1.709823964,0.301,0.932,2.495,3.728,2.423015021,69.547,66.032,63.849,100,91.357,80.838,100,33.03,30.567
218,3.02, 20s 359ms, 1244Kbps,1280,720,24,9.152,0.299,3.293,2.597,6.189,1.478752626,0.314,1.519,2.656,4.489,2.038761417,69.803,66.893,64.577,100,90.152,80.387,100,33.942,29.556
219,8.42, 1mn 23s, 844Kbps,1280,720,24,24.356,0.924,7.466,8.496,16.886,1.442378302,0.979,3.889,7.544,12.412,1.962294554,66.531,63.495,61.288,100,90.946,80.154,100,33.288,30.732
220,46.8, 21s 655ms, 18.1Mbps,1920,1080,30,144.383,4.673,49.012,37.923,91.608,1.576095974,5.34,20.929,39.477,65.746,2.196072765,67.606,63.303,61.775,100,90.695,80.578,100,33.39,30.941
221,122, 56s 891ms, 18.1Mbps,1920,1080,30,372.948,14.468,110.292,99.22,223.98,1.665095098,13.083,49.225,106.286,168.594,2.212107192,65.984,61.425,61.685,100,90.987,80.66,100,33.103,30.7
222,72.9, 34s 1ms, 18.0Mbps,1920,1080,30,211.128,7.408,69.904,63.578,140.89,1.498530769,9.573,33.111,72.554,115.238,1.832103993,69.289,66.033,65.12,100,90.166,80.047,100,32.209,30.691
223,324, 2mn 30s, 18.0Mbps,1920,1080,30,904.45,24.944,222.853,288.222,536.019,1.687346904,33.874,122.926,228.857,385.657,2.345218679,66.855,63.403,62.568,100,91.037,80.79,100,33.276,30.131
224,193, 1mn 29s, 18.0Mbps,1920,1080,30,556.502,18.104,176.686,183.607,378.397,1.470682907,24.06,68.615,155.807,248.482,2.239606893,68.054,63.3,62.53,100,90.64,81.424,100,33.271,29.665
225,74.4, 34s 635ms, 18.0Mbps,1920,1080,30,218.931,9.114,66.165,71.18,146.459,1.494827904,9.369,39.782,74.368,123.519,1.772447963,66.007,61.434,62.568,100,90.223,80.568,100,33.669,30.662
226,468, 3mn 37s, 18.0Mbps,1920,1080,30,1116.723,31.463,356.493,379.618,767.574,1.454873406,44.901,141.207,331.44,517.548,2.157718704,66.055,62.874,61.956,100,90.071,80.806,100,33.912,30.445
227,225, 1mn 44s, 18.0Mbps,1920,1080,30,495.813,16.654,142.562,174.366,333.582,1.486330198,18.99,68.042,142.182,229.214,2.163100858,66.45,62.562,62.97,100,90.869,81.44,100,33.714,29.68
228,227, 1mn 45s, 18.0Mbps,1920,1080,30,592.839,17.907,167.72,171.878,357.505,1.658267717,22.123,79.895,162.845,264.863,2.238285453,67.816,63.954,61.839,100,90.429,80.078,100,33.161,29.655
229,794, 6mn 10s, 18.0Mbps,1920,1080,30,1578.011,40.507,423.28,503.723,967.51,1.631002264,61.821,361.699,476.486,900.006,1.753333867,68.585,65.557,64.42,100,90.405,80.574,100,33.22,29.767
230,609, 4mn 43s, 18.0Mbps,1920,1080,30,1211.369,35.139,314.213,403.551,752.903,1.608931031,34.407,200.451,337.556,572.414,2.116246283,67.212,64.304,63.243,100,90.364,80.993,100,33.872,30.767
231,1402.88, 10mn 52s, 18.0Mbps,1920,1080,30,2422.531,67.801,668.886,898.061,1634.748,1.481898739,106.388,462.441,736.811,1305.64,1.855435648,66.4,61.983,62.369,100,90.623,80.414,100,33.848,30.263
232,918, 7mn 8s, 18.0Mbps,1920,1080,30,2000.016,46.624,560.012,596.88,1203.516,1.661810894,54.61,356.123,542.392,953.125,2.098377443,66.428,63.069,61.559,100,91.46,81.057,100,33.666,30.619
233,115, 53s 387ms, 18.0Mbps,1920,1080,30,356.689,13.448,111.365,93.038,217.851,1.63730715,12.477,52.63,100.021,165.128,2.16007582,66.848,63.178,62.674,100,90.96,81.459,100,33.998,29.823
234,94.1, 43s 778ms, 18.0Mbps,1920,1080,30,306.467,9.862,86.627,93.124,189.613,1.61627631,10.256,38.955,81.962,131.173,2.33635733,65.019,60.65,59.302,100,90.846,80.138,100,33.706,30.544
235,235, 1mn 49s, 18.0Mbps,1920,1080,30,597.796,20.714,146.762,208.688,376.164,1.589189821,19.792,96.749,155.325,271.866,2.198862675,69.604,65.292,65.207,100,91.089,80.358,100,33.367,30.04
236,762, 5mn 54s, 18.0Mbps,1920,1080,30,1298.827,37.724,414.224,462.243,914.191,1.420739211,56.884,352.117,436.662,845.663,1.535868307,68.564,63.84,62.686,100,90.669,81.351,100,33.68,29.694
237,352, 2mn 43s, 18.0Mbps,1920,1080,30,841.965,22.923,262.292,312.025,597.24,1.409759896,35.603,141.021,211.922,388.546,2.1669635,66.81,62.735,61.5,100,90.6,80.902,100,33.694,30.765
238,773, 5mn 59s, 18.0Mbps,1920,1080,30,1603.866,39.958,453.08,520.244,1013.282,1.582842683,42.965,356.836,482.18,881.981,1.818481351,68.535,63.835,65.024,100,91.401,81.155,100,33.999,30.024
239,673, 5mn 13s, 18.0Mbps,1920,1080,30,1259.63,34.188,307.985,463.667,805.84,1.563126675,52.151,271.024,407.263,730.438,1.724485856,65.516,62.227,60.564,100,90.785,80.675,100,33.304,30.221
240,165, 1mn 16s, 18.0Mbps,1920,1080,30,512.726,16.983,142.104,161.199,320.286,1.600838001,21.496,87.372,148.741,257.609,1.990326425,68.23,64.378,64.345,100,90.265,81.41,100,33.082,30.767
241,176, 1mn 21s, 18.0Mbps,1920,1080,30,538.874,17.208,160.973,147.776,325.957,1.653205791,21.024,77.697,127.688,226.409,2.380090897,66.021,62.69,62.025,100,90.763,80.07,100,33.038,30.075
242,118, 54s 722ms, 18.0Mbps,1920,1080,30,376.512,11.898,109.155,107.708,228.761,1.645874952,12,51.594,111.881,175.475,2.145673173,69.369,65.784,65.623,100,90.002,80.655,100,33.683,29.549
243,279, 2mn 9s, 18.0Mbps,1920,1080,30,649.518,25.125,175.553,212.76,413.438,1.571016694,23.207,96.287,189.034,308.528,2.105215734,65.112,62.069,59.587,100,91.239,80.633,100,33.804,30.174
244,422, 3mn 16s, 18.0Mbps,1920,1080,30,901.698,31.482,268.202,322.524,622.208,1.449190624,31.7,174.625,308.204,514.529,1.75247265,65.899,62.048,61.382,100,91.33,80.607,100,33.723,29.607
245,109, 50s 684ms, 18.0Mbps,1920,1080,30,335.749,9.743,115.652,101.865,227.26,1.477378333,11.182,45.584,82.722,139.488,2.407009922,69.555,65.01,65.947,100,91.161,80.43,100,33.734,30.127
246,135, 1mn 2s, 18.0Mbps,1920,1080,30,432.652,12.038,136.517,133.852,282.407,1.532015849,17.848,73.671,113.343,204.862,2.111919243,69.685,64.889,64.085,100,91.042,81.138,100,33.692,29.616
247,172, 1mn 19s, 18.0Mbps,1920,1080,30,583.112,18.464,178.92,147.294,344.678,1.691758685,22.544,87.23,138.246,248.02,2.351068462,65.403,61.382,60.98,100,90.014,80.606,100,33.979,30.795
248,302, 2mn 20s, 18.0Mbps,1920,1080,30,687.864,23.559,181.286,229.43,434.275,1.583936446,28.818,120.732,194.621,344.171,1.998611156,69.335,66.119,64.132,100,90.478,80.552,100,33.96,30.48
249,161, 1mn 14s, 18.0Mbps,1920,1080,30,505.296,17.068,146.426,150.608,314.102,1.608700358,20.151,76.422,132.78,229.353,2.20313665,69.493,64.995,65.373,100,91.028,80.103,100,33.076,29.654
250,156, 1mn 12s, 18.0Mbps,1920,1080,30,544.751,16.637,164.913,150.079,331.629,1.642651879,15.745,68.876,142.36,226.981,2.399985021,68.906,65.238,65.234,100,90.891,81.192,100,33.879,29.565
251,176, 1mn 21s, 18.0Mbps,1920,1080,30,584.058,19.741,177.144,171.369,368.254,1.586019432,23.048,83.462,171.214,277.724,2.103015944,67.502,63.957,62.229,100,91.454,80.399,100,33.987,30.434
252,79, 36s 837ms, 18.0Mbps,1920,1080,30,242.174,9.675,63.308,78.019,151.002,1.603780082,10.532,29.765,70.651,110.948,2.182770307,65.003,61.95,59.446,100,90.293,81.268,100,33.017,30.311
253,223, 1mn 43s, 18.0Mbps,1920,1080,30,560.974,20.152,134.258,170.935,325.345,1.724243495,17.506,71.268,164.584,253.358,2.214155464,69.877,65.341,65.052,100,91.389,80.269,100,33.63,30.968
254,494, 3mn 49s, 18.0Mbps,1920,1080,30,1382.455,32.71,380.753,390.382,803.845,1.719802947,40.099,208.325,319.195,567.619,2.435533342,65.243,62.477,59.743,100,91.402,80.696,100,33.637,30.16
255,562, 4mn 21s, 18.0Mbps,1920,1080,30,1029.51,24.284,329.075,373.351,726.71,1.4166724,31.743,157.954,281.977,471.674,2.182672778,67.468,64.231,61.926,100,90.143,81.217,100,33.241,30.782
256,172, 1mn 19s, 18.0Mbps,1920,1080,30,502.238,20.6,139.729,168.969,329.298,1.525177802,20.849,65.175,123.844,209.868,2.393113767,67.884,64.96,63.533,100,90.999,80.535,100,33.361,30.492
257,380, 2mn 56s, 18.0Mbps,1920,1080,30,812.702,31.33,243.504,299.541,574.375,1.414932753,31.051,123.047,277.164,431.262,1.884473939,65.803,62.336,61.454,100,90.078,80.793,100,33.77,29.659
258,257, 1mn 59s, 18.0Mbps,1920,1080,30,684.337,23.749,209.742,208.926,442.417,1.546814431,21.029,104.984,166.714,292.727,2.337799383,67.129,63.083,62.561,100,91.118,80.421,100,33.972,30.623
259,171, 1mn 19s, 18.0Mbps,1920,1080,30,598.534,19.061,177.338,173.15,369.549,1.619633662,18.018,93.093,145.379,256.49,2.333556864,69.683,65.912,65.189,100,91.249,81.059,100,33.175,30.231
260,251, 1mn 56s, 18.0Mbps,1920,1080,30,641.787,23.503,207.56,202.851,433.914,1.479064976,21.726,90.029,187.524,299.279,2.144443813,66.403,62.944,61.329,100,91.045,80.56,100,32.827,29.776
261,230, 1mn 46s, 18.0Mbps,1920,1080,30,494.255,18.932,141.104,185.278,345.314,1.431320479,21.026,81.217,159.098,261.341,1.891226405,69.052,65.948,64.245,100,90.342,80.65,100,33.884,29.583
262,188, 2mn 34s, 10.3Mbps,1920,1080,30,619.79,17.264,153.424,191.06,361.748,1.71331977,23.557,69.279,164.557,257.393,2.407952042,65.416,61.871,60.46,100,90.33,80.031,100,33.049,30.028
263,104, 1mn 22s, 10.6Mbps,1920,1080,30,314.677,11.738,87.546,111.27,210.554,1.494519221,13.493,48.397,74.502,136.392,2.307151446,65.845,62.229,60.82,100,90.649,80.809,100,33.885,30.718
264,67, 53s 621ms, 10.5Mbps,1920,1080,30,212.057,6.495,60.744,67.809,135.048,1.570234287,7.429,37.447,62.223,107.099,1.98000915,66.097,63.103,61.755,100,90.909,81.44,100,33.114,30.547
265,63.2, 49s 784ms, 10.7Mbps,1920,1080,30,132.132,4.59,40.626,40.124,85.34,1.548300914,5.191,28.428,39.161,72.78,1.815498763,69.295,65.617,63.112,100,90.192,80.923,100,33.96,29.989
266,44.8, 35s 736ms, 10.5Mbps,1920,1080,30,225.656,8.063,76.079,82.85,166.992,1.351298266,8.628,48.585,80.571,137.784,1.637751843,66.617,61.981,61.892,100,91.07,81.168,100,33.817,29.531
267,75.6, 1mn 1s, 10.2Mbps,1920,1080,30,460.796,12.797,135.811,133.412,282.02,1.633912488,16.103,86.971,127.521,230.595,1.998291377,69.144,64.966,63.992,100,90.588,80.848,100,33.859,30.117
268,137, 1mn 51s, 10.3Mbps,1920,1080,30,254.876,8.693,71.214,86.283,166.19,1.533642217,7.998,41.762,83.018,132.778,1.919564988,66.941,63.214,62.223,100,91.447,80.435,100,33.785,30.136
269,77.3, 59s 794ms, 10.8Mbps,1920,1080,30,258.506,7.877,76.518,86.177,170.572,1.515524236,9.5,47.289,76.964,133.753,1.93271179,68.986,65.241,64.493,100,90.347,80.335,100,33.275,29.61
270,75.1, 1mn 2s, 10.0Mbps,1920,1080,30,106.478,3.761,33.936,31.926,69.623,1.529350933,3.944,21.225,29.885,55.054,1.934064736,67.731,64.41,62.869,100,91.112,80.333,100,33.326,29.913
271,37.3, 28s 763ms, 10.9Mbps,1920,1080,30,174.156,6.214,46.074,62.918,115.206,1.511692099,5.693,33.186,54.656,93.535,1.861934035,67.921,64.865,62.012,100,91.135,80.561,100,33.312,30.895
272,55.8, 45s 679ms, 10.2Mbps,1920,1080,30,98.189,3.121,28.018,32.703,63.842,1.538000063,3.612,21.033,29.062,53.707,1.828234681,68.192,64.456,63.938,100,90.275,80.299,100,33.622,29.673
273,34.9, 27s 828ms, 10.5Mbps,1920,1080,30,176.806,6.103,60.399,52.468,118.97,1.486139363,7.371,33.905,56.219,97.495,1.813487871,65.621,62.319,61.919,100,91.164,80.257,100,33.576,30.427
274,55.2, 43s 911ms, 10.6Mbps,1920,1080,30,168.85,4.815,50.758,56.517,112.09,1.506378803,5.812,25.7,54.993,86.505,1.951910294,65.404,60.921,61.261,100,90.812,80.427,100,33.496,29.846
275,51.9, 41s 876ms, 10.4Mbps,1920,1080,30,630.945,19.672,210.121,172.264,402.057,1.569292414,22.658,134.75,240.489,397.897,1.585699314,66.737,63.614,62.207,100,91.153,80.424,100,33.691,30.728
276,302, 4mn 4s, 10.3Mbps,1920,1080,30,395.508,14.16,111.13,137.387,262.677,1.505681883,16.059,84.481,140.344,240.884,1.641902326,65.808,62.826,60.666,100,90.306,80.357,100,33.977,30.986
277,130, 1mn 44s, 10.5Mbps,1920,1080,30,517.186,20.298,163.188,152.512,335.998,1.53925321,20.373,113.717,155.413,289.503,1.786461626,66.732,63.561,63.392,100,90.327,81.452,100,33.855,30.728
278,215, 2mn 53s, 10.4Mbps,1920,1080,30,377.786,11.354,113.368,119.417,244.139,1.547421756,12.513,61.334,120.223,194.07,1.946648117,69.726,64.927,64.544,100,91.045,80.214,100,33.919,29.645
279,110, 1mn 27s, 10.5Mbps,1920,1080,30,263.263,7.904,81.823,77.202,166.929,1.577095651,8.829,51.475,95.909,156.213,1.685282275,69.733,66.005,65.82,100,90.05,80.838,100,33.549,30.097
280,88.2, 1mn 13s, 10.0Mbps,1920,1080,30,243.46,9.022,73.349,77.541,159.912,1.522462354,10.042,42.767,77.472,130.281,1.868729899,65.693,62.305,62.235,100,90.536,80.829,100,33.792,30.861
281,74.6, 58s 959ms, 10.6Mbps,1920,1080,30,195.398,7.145,61.06,74.504,142.709,1.369205866,7.544,32.661,69.876,110.081,1.775038381,67.119,64.046,63.255,100,90.003,81.222,100,33.843,30.328
282,66.9, 53s 921ms, 10.4Mbps,1920,1080,30,292.297,8.64,74.695,98.706,182.041,1.605665757,8.871,53.461,84.792,147.124,1.986739077,67.828,64.829,64.385,100,90.146,80.701,100,33.917,29.67
283,85.7, 1mn 11s, 10.0Mbps,1920,1080,30,466.901,15.742,117,157.902,290.644,1.606436052,16.678,77.169,148.702,242.549,1.924975984,67.649,64.028,61.921,100,90.624,80.638,100,33.559,29.769
284,136, 1mn 49s, 10.4Mbps,1920,1080,30,349.187,9.353,102.277,119.305,230.935,1.512057505,10.171,61.201,105.445,176.817,1.974849703,68.382,64.128,64.211,100,90.709,80.882,100,33.215,29.657
285,99.8, 1mn 19s, 10.5Mbps,1920,1080,30,224.087,6.958,61.173,80.998,149.129,1.502638655,7.515,40.295,67.439,115.249,1.944372619,69.879,67.02,66.126,100,90.958,81.242,100,33.534,30.969
286,67.9, 54s 989ms, 10.4Mbps,1920,1080,30,255.101,7.318,79.47,79.73,166.518,1.531972519,9.422,43.594,82.323,135.339,1.884903834,67.012,62.426,61.092,100,90.429,80.367,100,33.702,29.603
287,78.8, 1mn 3s, 10.4Mbps,1920,1080,30,474.466,15.973,136.648,162.034,314.655,1.507892771,19.421,90.201,168.06,277.682,1.708666748,67.233,64.505,61.799,100,90.979,80.866,100,33.954,30.395
288,156, 2mn 9s, 10.1Mbps,1920,1080,30,444.546,14.54,122.913,139.995,277.448,1.602267812,15.997,83.269,123.552,222.818,1.995108115,68.772,65.887,62.649,100,91.008,80.106,100,33.857,29.751
289,133, 1mn 45s, 10.6Mbps,1920,1080,30,527.647,15.954,144.639,193.351,353.944,1.490764076,18.052,96.337,156.009,270.398,1.951371682,69.341,65.588,65.385,100,90.565,81.06,100,33.68,30.249
290,163, 2mn 9s, 10.5Mbps,1920,1080,30,505.179,16.376,166.579,148.13,331.085,1.525828715,16.765,81.852,177.774,276.391,1.827769356,69.266,65.187,63.196,100,90.386,80.039,100,33.228,30.475
291,162, 2mn 9s, 10.5Mbps,1920,1080,30,318.547,8.916,83.309,106.547,198.772,1.602574809,11.685,61.099,101.744,174.528,1.825191373,68.076,63.942,62.741,100,90.291,80.368,100,32.435,29.512
292,94, 1mn 15s, 10.4Mbps,1920,1080,30,224.469,8.478,67.112,84.249,159.839,1.404344372,7.947,37.211,69.915,115.073,1.950666099,66.057,62.872,62.096,100,90.268,80.641,100,33.075,30.765
293,71.4, 59s 727ms, 10.0Mbps,1920,1080,30,189.171,6.658,55.899,75.797,138.354,1.367296934,7.937,43.42,68.62,119.977,1.576727206,69.799,65.644,63.848,100,91.464,80.558,100,33.264,29.562
294,67.1, 54s 755ms, 10.3Mbps,1920,1080,30,264.935,9.99,87.708,81.548,179.246,1.478052509,10.689,49.2,90.015,149.904,1.767364447,65.493,62.106,60.713,100,90.321,80.781,100,33.369,29.854
295,81.9, 1mn 6s, 10.3Mbps,1920,1080,30,584.82,17.398,177.526,168.255,363.179,1.61028033,17.211,112.231,178.589,308.031,1.898575143,69.088,65.309,64.489,100,90.922,80.275,100,33.385,29.639
296,214, 2mn 54s, 10.3Mbps,1920,1080,30,352.398,10.396,105.955,116.135,232.486,1.515781595,12.273,61.452,103.89,177.615,1.984055401,69.506,66.336,64.654,100,90.907,80.882,100,33.311,30.639
297,98.9, 1mn 23s, 9900Kbps,1920,1080,30,287.453,9.385,87.411,82.697,179.493,1.601471924,8.986,48.502,90.556,148.044,1.941672746,69.981,66.367,66.158,100,90.726,81.403,100,33.878,29.919
298,83, 1mn 9s, 9956Kbps,1920,1080,30,246.569,9.186,68.435,90.484,168.105,1.466755897,9.676,45.754,75.305,130.735,1.886021341,68.668,64.46,64.114,100,90.227,80.279,100,33.706,29.751
299,82.8, 1mn 5s, 10.5Mbps,1920,1080,30,284.512,10.86,85.379,82.991,179.23,1.587412822,9.868,58.758,78.131,146.757,1.938660507,65.047,61.06,60.849,100,90.213,81.232,100,33.676,30.48
300,92.5, 1mn 13s, 10.5Mbps,1920,1080,30,304.938,9.646,97.539,95.807,202.992,1.502216836,11.074,56.205,98.484,165.763,1.839602324,68.279,64.951,62.539,100,91.408,81.347,100,33.082,30.61
301,93.8, 1mn 15s, 10.4Mbps,1920,1080,30,276.831,7.726,80.091,84.339,172.156,1.608024118,9.835,47.137,81.81,138.782,1.994718335,66.948,62.95,61.794,100,90.933,80.308,100,33.208,29.631
302,77.6, 1mn 2s, 10.5Mbps,1920,1080,30,623.506,21.027,183.553,197.014,401.594,1.552577977,26.896,135.787,218.187,380.87,1.637057264,66.656,63.166,61.989,100,91.307,81.03,100,33.591,29.868
303,296, 4mn 2s, 10.2Mbps,1920,1080,30,685.749,22.919,205.419,195.534,423.872,1.617820946,21.67,127.993,207.591,357.254,1.919499852,66.583,63.752,61.581,100,90.999,80.505,100,33.727,30.335
304,245, 3mn 18s, 10.3Mbps,1920,1080,30,500.096,17.637,119.637,173.501,310.775,1.609189928,15.758,75.537,159.822,251.117,1.99148604,67.591,64.523,61.88,100,91.164,81.043,100,33.543,30.664
305,149, 2mn 2s, 10.2Mbps,1920,1080,30,298.336,9.226,89.258,93.609,192.093,1.55308106,11.404,55.352,86.227,152.983,1.950125177,65.059,61.468,60.983,100,90.255,80.678,100,33.511,29.816
306,85.4, 1mn 7s, 10.7Mbps,1920,1080,30,768.997,20.488,243.387,233.92,497.795,1.544806597,26.441,146.761,230.731,403.933,1.903773646,67.109,62.678,62.546,100,90.045,80.439,100,33.661,29.655
307,306, 4mn 7s, 10.4Mbps,1920,1080,30,376.908,12.274,129.495,130.841,272.61,1.382590514,17.806,65.93,127.185,210.921,1.786962891,69.899,66.819,64.884,100,90.679,81.101,100,33.409,30.681
308,133, 1mn 47s, 10.3Mbps,1920,1080,30,274.008,7.454,72.76,87.503,167.717,1.633752094,9.53,42.459,86.901,138.89,1.972841817,65.215,60.888,60.906,100,91.137,80.409,100,33.962,29.986
309,81, 1mn 4s, 10.5Mbps,1920,1080,30,240.09,7.964,74.121,73.47,155.555,1.543441227,7.31,41.281,74.605,123.196,1.948845742,67.574,63.452,63.833,100,91.281,80.651,100,33.234,30.415
310,70, 57s 958ms, 10.1Mbps,1920,1080,30,555.116,15.957,178.287,162.865,357.109,1.554472164,21.032,96.479,191.529,309.04,1.796259384,67.13,63.18,61.534,100,90.817,80.302,100,33.789,30.281
311,233, 3mn 8s, 10.3Mbps,1920,1080,30,270.858,8.416,90.568,92.688,191.672,1.413132852,9.854,40.761,86.774,137.389,1.971467876,67.922,64.869,63.066,100,91.135,80.192,100,33.856,29.593
312,83.7, 1mn 6s, 10.5Mbps,1920,1080,30,262.492,8.732,75.445,75.784,159.961,1.640974988,10.556,38.829,82.279,131.664,1.993650504,65.741,62.236,62.4,100,90.043,80.427,100,33.688,30.678
313,80.9, 1mn 5s, 10.3Mbps,1920,1080,30,234.431,9.58,84.238,74.363,168.181,1.393920835,10.146,41.076,69.22,120.442,1.946422344,69.36,66.577,65.304,100,90.669,80.555,100,33.695,29.869
314,83.5, 1mn 8s, 10.2Mbps,1920,1080,30,287.899,10.334,83.076,87.954,181.364,1.58740985,10.422,52.663,89.922,153.007,1.881606724,65.848,62.248,62.331,100,90.771,80.012,100,33.73,29.988
315,70.9, 59s 26ms, 10.1Mbps,1920,1080,30,244.279,8.12,74.886,71.301,154.307,1.58307141,7.627,45.324,73.709,126.66,1.928619927,69.8,65.855,64.481,100,90.526,80.735,100,33.692,29.55
316,62, 36s 3ms, 14.4Mbps,1920,1080,30,200.767,6.447,66.094,67.325,139.866,1.435423906,8.075,33.429,59.65,101.154,1.984765803,66.648,63.301,62.562,100,90.646,81.231,100,33.315,29.762
317,387, 3mn 56s, 13.7Mbps,1920,1080,30,937.683,25.859,308.859,303.058,637.776,1.470238767,39.976,165.133,311.997,517.106,1.813328408,68.505,64.559,62.995,100,91.396,80.364,100,33.734,29.587
318,89.1, 56s 424ms, 13.2Mbps,1920,1080,30,319.261,9.514,90.015,101.059,200.588,1.591625621,11.361,51.536,97.449,160.346,1.991075549,69.869,65.548,64.588,100,91.185,80.864,100,33.236,29.96
319,185, 1mn 51s, 13.9Mbps,1920,1080,30,663.533,16.942,186.886,220.294,424.122,1.564486162,23.787,119.988,203.181,346.956,1.912441347,66.275,62.102,61.8,100,90.405,80.192,100,33.821,30.161
320,1392.64, 11mn 29s, 16.9Mbps,1920,1080,30,2919.834,206.955,703.179,949.984,1860.118,1.569703642,276.366,498.732,756.567,1531.665,1.906313717,69.981,65.783,63.904,100,91.892,78.375,100,33.925,30.458
321,612, 5mn 2s, 17.0Mbps,1920,1080,30,1528.727,144.131,346.667,474.742,965.54,1.583287073,198.395,208.849,391.844,799.088,1.913089672,70.161,67.825,62.935,100,90.372,80.014,100,34.194,30.153
322,1402.88, 11mn 38s, 16.8Mbps,1920,1080,30,2913.834,214.252,701.498,982.291,1898.041,1.535179693,291.464,479.245,782.359,1553.068,1.876179279,73.143,69.153,63.762,100,90.983,76.297,100,33.995,30.174
323,1198.08, 9mn 48s, 17.1Mbps,1920,1080,30,2795.915,206.824,647.729,914.641,1769.194,1.580332626,254.263,412.388,804.492,1471.143,1.900505253,68.877,65.465,62.495,100,91.021,81.244,100,33.551,30.914
324,1218.56, 9mn 54s, 17.2Mbps,1920,1080,30,2741.884,194.848,613.933,879.637,1688.418,1.623936727,228.677,389.748,719.276,1337.701,2.049698699,69.724,63.355,61.548,100,90.815,80.342,100,33.778,30.572
325,1054.72, 11mn 18s, 13.1Mbps,1920,1080,30,2485.749,216.467,492.522,941.662,1650.651,1.505920391,249.623,227.592,841.782,1318.997,1.884575173,69.262,64.199,62.253,100,91.168,80.182,100,33.895,30.119
326,1536, 16mn 26s, 13.0Mbps,1920,1080,30,3138.975,319.682,673.783,1186.833,2180.298,1.439699986,274.746,419.446,1083.288,1777.48,1.765969237,68.117,65.128,63.019,100,92.128,81.728,100,34.102,30.213